﻿pos_x,pos_y,rotation,side,designator,mpn,pack,value,mount_type,place
119.25,-101.6,-90.0,top,C1,,C_0805_2012Metric_Pad1.18x1.45mm_HandSolder,100n,smt,True
121.75,-101.6,-90.0,top,C2,,C_0805_2012Metric_Pad1.18x1.45mm_HandSolder,100n,smt,True
109.0,-101.5,-90.0,top,C3,,C_0805_2012Metric_Pad1.18x1.45mm_HandSolder,100n,smt,True
120.75,-88.5,180.0,top,C30,,C_0805_2012Metric_Pad1.18x1.45mm_HandSolder,100n,smt,True
106.7,-101.5,-90.0,top,C4,,C_0805_2012Metric_Pad1.18x1.45mm_HandSolder,100n,smt,True
113.2,-101.5,-90.0,top,C5,,C_0805_2012Metric_Pad1.18x1.45mm_HandSolder,100n,smt,True
116.7,-101.55,-90.0,top,C6,,C_0805_2012Metric_Pad1.18x1.45mm_HandSolder,100n,smt,True
146.0,-128.0,180.0,top,D1,,LED_D4.0mm,KEYSWITCH-BLUE,tht,True
146.0,-134.0,180.0,top,D2,,LED_D4.0mm,LED1-RED,tht,True
146.0,-140.0,180.0,top,D3,,LED_D4.0mm,LED1-GREEN,tht,True
132.37,-123.75,180.0,top,D4,,D_DO-201AD_P15.24mm_Horizontal,1N5820,tht,True
131.25,-85.0,0.0,top,D8,,SOT-23-3,SM24CANB-02HTG,smt,True
75.275,-78.7,-90.0,bottom,J1,,Molex_Mini-Fit_Jr_5569-08A2_2x04_P4.20mm_Horizontal,39-30-1080,tht,True
145.725,-95.5,90.0,bottom,J2,,Molex_Mini-Fit_Jr_5569-12A2_2x06_P4.20mm_Horizontal,39-30-1120,tht,True
154.46,-131.0,90.0,top,JP1,,PinHeader_1x02_P2.54mm_Vertical,12V_TO_VIN,tht,True
157.04,-127.0,-90.0,top,JP2,,PinHeader_1x02_P2.54mm_Vertical,CAN_TERM,tht,True
73.5,-114.02,-90.0,top,R1,,R_Axial_DIN0207_L6.3mm_D2.5mm_P10.16mm_Horizontal,120R,tht,True
100.679999,-73.7,180.0,top,R10,,R_Axial_DIN0207_L6.3mm_D2.5mm_P10.16mm_Horizontal,1k,tht,True
90.540001,-80.3,0.0,top,R11,,R_Axial_DIN0207_L6.3mm_D2.5mm_P10.16mm_Horizontal,1k,tht,True
154.5,-118.38,90.0,top,R13,,R_Axial_DIN0207_L6.3mm_D2.5mm_P10.16mm_Horizontal,120R,tht,True
93.5,-125.3,180.0,top,R2,,R_Axial_DIN0207_L6.3mm_D2.5mm_P10.16mm_Horizontal,10k,tht,True
93.5,-121.9,180.0,top,R3,,R_Axial_DIN0207_L6.3mm_D2.5mm_P10.16mm_Horizontal,10k,tht,True
93.5,-118.35,180.0,top,R4,,R_Axial_DIN0207_L6.3mm_D2.5mm_P10.16mm_Horizontal,10k,tht,True
119.17,-118.25,0.0,top,R5,,R_Axial_DIN0207_L6.3mm_D2.5mm_P10.16mm_Horizontal,10k,tht,True
139.92,-118.0,0.0,top,R6,,R_Axial_DIN0207_L6.3mm_D2.5mm_P10.16mm_Horizontal,1k,tht,True
139.92,-114.5,0.0,top,R7,,R_Axial_DIN0207_L6.3mm_D2.5mm_P10.16mm_Horizontal,1k,tht,True
100.68,-83.6,180.0,top,R8,,R_Axial_DIN0207_L6.3mm_D2.5mm_P10.16mm_Horizontal,10k,tht,True
90.52,-77.0,0.0,top,R9,,R_Axial_DIN0207_L6.3mm_D2.5mm_P10.16mm_Horizontal,1k,tht,True
92.0,-140.0,0.0,top,S1,,2MS1T2B4M2QES,KEYSWITCH,tht,True
74.0,-140.0,0.0,top,S2,,2MS1T2B4M2QES,E-STOP,tht,True
101.0,-140.0,0.0,top,S3,,2MS1T2B4M2QES,ENG_ENABLE,tht,True
110.0,-140.0,0.0,top,S4,,2MS1T2B4M2QES,ENG_START,tht,True
119.0,-140.0,0.0,top,S5,,2MS1T2B4M2QES,CLUTCH,tht,True
128.0,-140.0,0.0,top,S6,,2MS1T2B4M2QES,USER,tht,True
109.54,-84.14,90.0,top,U2,,MODULE_NUCLEO-F429ZI,NUCLEO-F429ZI,tht,True
120.75,-84.25,0.0,top,U3,,SOIC-8_3.9x4.9mm_P1.27mm,SN65HVD233,smt,True
