﻿designator,quantity,value,pack,mpn,mount_type
"C1, C2, C3, C30, C4, C5, C6",7,100n,C_0805_2012Metric_Pad1.18x1.45mm_HandSolder,,smt
D1,1,KEYSWITCH-BLUE,LED_D4.0mm,,tht
D2,1,LED1-RED,LED_D4.0mm,,tht
D3,1,LED1-GREEN,LED_D4.0mm,,tht
D4,1,1N5820,D_DO-201AD_P15.24mm_Horizontal,,tht
D8,1,SM24CANB-02HTG,SOT-23-3,,smt
J1,1,39-30-1080,Molex_Mini-Fit_Jr_5569-08A2_2x04_P4.20mm_Horizontal,,tht
J2,1,39-30-1120,Molex_Mini-Fit_Jr_5569-12A2_2x06_P4.20mm_Horizontal,,tht
JP1,1,12V_TO_VIN,PinHeader_1x02_P2.54mm_Vertical,,tht
JP2,1,CAN_TERM,PinHeader_1x02_P2.54mm_Vertical,,tht
"R1, R13",2,120R,R_Axial_DIN0207_L6.3mm_D2.5mm_P10.16mm_Horizontal,,tht
"R10, R11, R6, R7, R9",5,1k,R_Axial_DIN0207_L6.3mm_D2.5mm_P10.16mm_Horizontal,,tht
"R2, R3, R4, R5, R8",5,10k,R_Axial_DIN0207_L6.3mm_D2.5mm_P10.16mm_Horizontal,,tht
S1,1,KEYSWITCH,2MS1T2B4M2QES,,tht
S2,1,E-STOP,2MS1T2B4M2QES,,tht
S3,1,ENG_ENABLE,2MS1T2B4M2QES,,tht
S4,1,ENG_START,2MS1T2B4M2QES,,tht
S5,1,CLUTCH,2MS1T2B4M2QES,,tht
S6,1,USER,2MS1T2B4M2QES,,tht
U2,1,NUCLEO-F429ZI,MODULE_NUCLEO-F429ZI,,tht
U3,1,SN65HVD233,SOIC-8_3.9x4.9mm_P1.27mm,,smt
