﻿designator,quantity,value,pack,mpn,mount_type
"C1, C2, C5, C6, C7, C9",6,100n,C_Disc_D6.0mm_W2.5mm_P5.00mm,,tht
"C3, C4, C8",3,100u,CP_Radial_D5.0mm_P2.00mm,,tht
D1,1,1N4002,D_DO-41_SOD81_P10.16mm_Horizontal,,tht
"D10, D11, D12, D13, D14, D15, D16, D17, D18, D19, D2, D3, D5, D6, D7, D9",16,LED,LED_D3.0mm,,tht
"D4, D8",2,LED_DNP,LED_D3.0mm,,tht
IC1,1,TPL7407LADR,SOIC127P600X175-16N,,smt
IC2,1,MC33660BEFR2,SOIC127P600X175-8N,,smt
J1,1,MX34028NF2,MX34028NF2,,tht
J2,1,Relays,TerminalBlock_4Ucon_1x08_P3.50mm_Horizontal,,tht
J3,1,FTDI,PinSocket_1x06_P2.54mm_Vertical,,tht
J4,1,DB9_Male,L717SDE09P1ACH4R,,tht
J5,1,CAN,TerminalBlock_4Ucon_1x04_P3.50mm_Horizontal,,tht
JP1,1,SP-VCC-SEL,PinHeader_1x03_P2.54mm_Vertical,,tht
JP2,1,PWR_SEL,PinHeader_1x03_P2.54mm_Vertical,,tht
JP3,1,K-LINE_GND,PinSocket_1x02_P2.54mm_Vertical,,tht
JP4,1,CAN_TERM,PinSocket_1x02_P2.54mm_Vertical,,tht
"Q1, Q10, Q2, Q3, Q4, Q5, Q6, Q7, Q8, Q9",10,2N7000,TO-92_Inline,,tht
"R1, R2, R32, R4, R5, R6, R8",7,1k2,R_Axial_DIN0204_L3.6mm_D1.6mm_P7.62mm_Horizontal,,tht
"R10, R11, R12, R13, R19, R20, R21, R22, R23, R3, R36, R39, R7, R9",14,270R,R_Axial_DIN0204_L3.6mm_D1.6mm_P7.62mm_Horizontal,,tht
"R14, R15, R16, R17, R18, R24, R25, R26, R27, R28",10,10k-DNP,R_Axial_DIN0204_L3.6mm_D1.6mm_P7.62mm_Horizontal,,tht
"R29, R30, R31, R33, R34, R35",6,10k,R_Axial_DIN0204_L3.6mm_D1.6mm_P7.62mm_Horizontal,,tht
R38,1,120R,R_Axial_DIN0204_L3.6mm_D1.6mm_P7.62mm_Horizontal,,tht
"TP1, TP10, TP11, TP12, TP13, TP14, TP15, TP16, TP17, TP18, TP19, TP20, TP21, TP22, TP23, TP3, TP5, TP6, TP7, TP8, TP9",21,TP,TestPoint_Loop_D2.60mm_Drill1.6mm_Beaded,,tht
U1,1,LM2940T,TO-220-3_Vertical,,tht
U2,1,TLV1117-50,SOT-223-3_TabPin2,,smt
U3,1,LM4040LP-3,TO-92_Inline,,tht
U4,1,NUCLEO-F103RB,ST_Morpho_Connector_64,,tht
U5,1,MCP2021A-xxxxSN,SOIC-8_3.9x4.9mm_P1.27mm,,smt
U6,1,SN65HVD233,SOIC-8_3.9x4.9mm_P1.27mm,,smt
