﻿pos_x,pos_y,rotation,side,designator,mpn,pack,value,mount_type,place
100.75,-41.5,-90.0,top,C1,,C_Disc_D6.0mm_W2.5mm_P5.00mm,100n,tht,True
147.75,-67.75,180.0,top,C2,,C_Disc_D6.0mm_W2.5mm_P5.00mm,100n,tht,True
99.3,-62.6,0.0,top,C3,,CP_Radial_D5.0mm_P2.00mm,100u,tht,True
146.5,-72.25,180.0,top,C4,,CP_Radial_D5.0mm_P2.00mm,100u,tht,True
143.5,-102.0,-90.0,top,C5,,C_Disc_D6.0mm_W2.5mm_P5.00mm,100n,tht,True
151.0,-46.0,0.0,top,C6,,C_Disc_D6.0mm_W2.5mm_P5.00mm,100n,tht,True
100.0,-125.0,180.0,top,C7,,C_Disc_D6.0mm_W2.5mm_P5.00mm,100n,tht,True
152.5,-58.0,0.0,top,C8,,CP_Radial_D5.0mm_P2.00mm,100u,tht,True
156.0,-49.5,180.0,top,C9,,C_Disc_D6.0mm_W2.5mm_P5.00mm,100n,tht,True
135.75,-64.25,0.0,top,D1,,D_DO-41_SOD81_P10.16mm_Horizontal,1N4002,tht,True
89.0,-50.0,0.0,top,D10,,LED_D3.0mm,LED,tht,True
89.0,-66.0,0.0,top,D11,,LED_D3.0mm,LED,tht,True
89.0,-82.0,0.0,top,D12,,LED_D3.0mm,LED,tht,True
89.0,-114.0,0.0,top,D13,,LED_D3.0mm,LED,tht,True
89.0,-98.0,0.0,top,D14,,LED_D3.0mm,LED,tht,True
89.0,-58.0,0.0,top,D15,,LED_D3.0mm,LED,tht,True
89.0,-74.0,0.0,top,D16,,LED_D3.0mm,LED,tht,True
89.0,-90.0,0.0,top,D17,,LED_D3.0mm,LED,tht,True
89.0,-106.0,0.0,top,D18,,LED_D3.0mm,LED,tht,True
163.5,-53.0,180.0,top,D19,,LED_D3.0mm,LED,tht,True
167.0,-62.5,0.0,top,D2,,LED_D3.0mm,LED,tht,True
167.0,-72.0,0.0,top,D3,,LED_D3.0mm,LED,tht,True
167.0,-110.0,0.0,top,D4,,LED_D3.0mm,LED_DNP,tht,True
167.0,-81.5,0.0,top,D5,,LED_D3.0mm,LED,tht,True
167.0,-91.0,0.0,top,D6,,LED_D3.0mm,LED,tht,True
167.0,-100.5,0.0,top,D7,,LED_D3.0mm,LED,tht,True
167.0,-119.5,0.0,top,D8,,LED_D3.0mm,LED_DNP,tht,True
89.0,-42.0,0.0,top,D9,,LED_D3.0mm,LED,tht,True
151.0,-104.5,-90.0,top,IC1,,SOIC127P600X175-16N,TPL7407LADR,smt,True
169.5,-46.0,0.0,top,IC2,,SOIC127P600X175-8N,MC33660BEFR2,smt,True
142.0,-111.0,0.0,top,J1,,MX34028NF2,MX34028NF2,tht,True
152.0,-131.0,0.0,top,J2,,TerminalBlock_4Ucon_1x08_P3.50mm_Horizontal,Relays,tht,True
177.5,-55.0,180.0,top,J3,,PinSocket_1x06_P2.54mm_Vertical,FTDI,tht,True
125.0,-59.0,180.0,top,J4,,L717SDE09P1ACH4R,DB9_Male,tht,True
92.0,-131.0,0.0,top,J5,,TerminalBlock_4Ucon_1x04_P3.50mm_Horizontal,CAN,tht,True
113.9,-63.4,-90.0,top,JP1,,PinHeader_1x03_P2.54mm_Vertical,SP-VCC-SEL,tht,True
106.0,-118.25,180.0,top,JP2,,PinHeader_1x03_P2.54mm_Vertical,PWR_SEL,tht,True
144.0,-56.0,-90.0,top,JP3,,PinSocket_1x02_P2.54mm_Vertical,K-LINE_GND,tht,True
83.5,-133.25,180.0,top,JP4,,PinSocket_1x02_P2.54mm_Vertical,CAN_TERM,tht,True
152.75,-80.0,0.0,top,Q1,,TO-92_Inline,2N7000,tht,True
104.35,-73.75,0.0,top,Q10,,TO-92_Inline,2N7000,tht,True
146.5,-80.0,0.0,top,Q2,,TO-92_Inline,2N7000,tht,True
134.5,-80.0,0.0,top,Q3,,TO-92_Inline,2N7000,tht,True
122.5,-80.0,0.0,top,Q4,,TO-92_Inline,2N7000,tht,True
104.5,-93.0,0.0,top,Q5,,TO-92_Inline,2N7000,tht,True
110.5,-80.0,0.0,top,Q6,,TO-92_Inline,2N7000,tht,True
140.5,-80.0,0.0,top,Q7,,TO-92_Inline,2N7000,tht,True
128.5,-80.0,0.0,top,Q8,,TO-92_Inline,2N7000,tht,True
116.5,-80.0,0.0,top,Q9,,TO-92_Inline,2N7000,tht,True
176.0,-66.0,180.0,top,R1,,R_Axial_DIN0204_L3.6mm_D1.6mm_P7.62mm_Horizontal,1k2,tht,True
146.5,-91.5,90.0,top,R10,,R_Axial_DIN0204_L3.6mm_D1.6mm_P7.62mm_Horizontal,270R,tht,True
134.5,-91.5,90.0,top,R11,,R_Axial_DIN0204_L3.6mm_D1.6mm_P7.62mm_Horizontal,270R,tht,True
122.5,-91.5,90.0,top,R12,,R_Axial_DIN0204_L3.6mm_D1.6mm_P7.62mm_Horizontal,270R,tht,True
104.5,-104.5,90.0,top,R13,,R_Axial_DIN0204_L3.6mm_D1.6mm_P7.62mm_Horizontal,270R,tht,True
155.5,-91.5,90.0,top,R14,,R_Axial_DIN0204_L3.6mm_D1.6mm_P7.62mm_Horizontal,10k-DNP,tht,True
149.5,-91.5,90.0,top,R15,,R_Axial_DIN0204_L3.6mm_D1.6mm_P7.62mm_Horizontal,10k-DNP,tht,True
137.5,-91.5,90.0,top,R16,,R_Axial_DIN0204_L3.6mm_D1.6mm_P7.62mm_Horizontal,10k-DNP,tht,True
125.5,-91.5,90.0,top,R17,,R_Axial_DIN0204_L3.6mm_D1.6mm_P7.62mm_Horizontal,10k-DNP,tht,True
107.5,-104.5,90.0,top,R18,,R_Axial_DIN0204_L3.6mm_D1.6mm_P7.62mm_Horizontal,10k-DNP,tht,True
110.25,-91.5,90.0,top,R19,,R_Axial_DIN0204_L3.6mm_D1.6mm_P7.62mm_Horizontal,270R,tht,True
176.0,-75.5,180.0,top,R2,,R_Axial_DIN0204_L3.6mm_D1.6mm_P7.62mm_Horizontal,1k2,tht,True
140.5,-91.5,90.0,top,R20,,R_Axial_DIN0204_L3.6mm_D1.6mm_P7.62mm_Horizontal,270R,tht,True
128.5,-91.5,90.0,top,R21,,R_Axial_DIN0204_L3.6mm_D1.6mm_P7.62mm_Horizontal,270R,tht,True
116.5,-91.5,90.0,top,R22,,R_Axial_DIN0204_L3.6mm_D1.6mm_P7.62mm_Horizontal,270R,tht,True
104.35,-85.25,90.0,top,R23,,R_Axial_DIN0204_L3.6mm_D1.6mm_P7.62mm_Horizontal,270R,tht,True
113.25,-91.5,90.0,top,R24,,R_Axial_DIN0204_L3.6mm_D1.6mm_P7.62mm_Horizontal,10k-DNP,tht,True
143.5,-91.5,90.0,top,R25,,R_Axial_DIN0204_L3.6mm_D1.6mm_P7.62mm_Horizontal,10k-DNP,tht,True
131.5,-91.5,90.0,top,R26,,R_Axial_DIN0204_L3.6mm_D1.6mm_P7.62mm_Horizontal,10k-DNP,tht,True
119.5,-91.5,90.0,top,R27,,R_Axial_DIN0204_L3.6mm_D1.6mm_P7.62mm_Horizontal,10k-DNP,tht,True
107.35,-85.25,90.0,top,R28,,R_Axial_DIN0204_L3.6mm_D1.6mm_P7.62mm_Horizontal,10k-DNP,tht,True
113.45,-96.9,-90.0,top,R29,,R_Axial_DIN0204_L3.6mm_D1.6mm_P7.62mm_Horizontal,10k,tht,True
176.0,-113.5,180.0,top,R3,,R_Axial_DIN0204_L3.6mm_D1.6mm_P7.62mm_Horizontal,270R,tht,True
126.1,-96.9,-90.0,top,R30,,R_Axial_DIN0204_L3.6mm_D1.6mm_P7.62mm_Horizontal,10k,tht,True
135.9,-104.6,90.0,top,R31,,R_Axial_DIN0204_L3.6mm_D1.6mm_P7.62mm_Horizontal,10k,tht,True
133.4,-97.1,-90.0,top,R32,,R_Axial_DIN0204_L3.6mm_D1.6mm_P7.62mm_Horizontal,1k2,tht,True
110.95,-96.9,-90.0,top,R33,,R_Axial_DIN0204_L3.6mm_D1.6mm_P7.62mm_Horizontal,10k,tht,True
123.6,-96.9,-90.0,top,R34,,R_Axial_DIN0204_L3.6mm_D1.6mm_P7.62mm_Horizontal,10k,tht,True
130.9,-104.6,90.0,top,R35,,R_Axial_DIN0204_L3.6mm_D1.6mm_P7.62mm_Horizontal,10k,tht,True
165.0,-41.5,0.0,top,R36,,R_Axial_DIN0204_L3.6mm_D1.6mm_P7.62mm_Horizontal,270R,tht,True
86.75,-126.5,-90.0,top,R38,,R_Axial_DIN0204_L3.6mm_D1.6mm_P7.62mm_Horizontal,120R,tht,True
150.0,-53.0,0.0,top,R39,,R_Axial_DIN0204_L3.6mm_D1.6mm_P7.62mm_Horizontal,270R,tht,True
176.0,-85.0,180.0,top,R4,,R_Axial_DIN0204_L3.6mm_D1.6mm_P7.62mm_Horizontal,1k2,tht,True
176.0,-94.5,180.0,top,R5,,R_Axial_DIN0204_L3.6mm_D1.6mm_P7.62mm_Horizontal,1k2,tht,True
176.0,-104.0,180.0,top,R6,,R_Axial_DIN0204_L3.6mm_D1.6mm_P7.62mm_Horizontal,1k2,tht,True
176.0,-123.0,180.0,top,R7,,R_Axial_DIN0204_L3.6mm_D1.6mm_P7.62mm_Horizontal,270R,tht,True
123.7,-63.15,0.0,top,R8,,R_Axial_DIN0204_L3.6mm_D1.6mm_P7.62mm_Horizontal,1k2,tht,True
152.5,-91.5,90.0,top,R9,,R_Axial_DIN0204_L3.6mm_D1.6mm_P7.62mm_Horizontal,270R,tht,True
155.0,-64.0,0.0,top,TP1,,TestPoint_Loop_D2.60mm_Drill1.6mm_Beaded,TP,tht,True
176.0,-100.5,0.0,top,TP10,,TestPoint_Loop_D2.60mm_Drill1.6mm_Beaded,TP,tht,True
176.0,-119.5,0.0,top,TP11,,TestPoint_Loop_D2.60mm_Drill1.6mm_Beaded,TP,tht,True
84.0,-42.0,0.0,top,TP12,,TestPoint_Loop_D2.60mm_Drill1.6mm_Beaded,TP,tht,True
84.0,-50.0,0.0,top,TP13,,TestPoint_Loop_D2.60mm_Drill1.6mm_Beaded,TP,tht,True
84.0,-66.0,0.0,top,TP14,,TestPoint_Loop_D2.60mm_Drill1.6mm_Beaded,TP,tht,True
84.0,-82.0,0.0,top,TP15,,TestPoint_Loop_D2.60mm_Drill1.6mm_Beaded,TP,tht,True
84.0,-114.0,0.0,top,TP16,,TestPoint_Loop_D2.60mm_Drill1.6mm_Beaded,TP,tht,True
84.0,-98.0,0.0,top,TP17,,TestPoint_Loop_D2.60mm_Drill1.6mm_Beaded,TP,tht,True
84.0,-58.0,0.0,top,TP18,,TestPoint_Loop_D2.60mm_Drill1.6mm_Beaded,TP,tht,True
84.0,-74.0,0.0,top,TP19,,TestPoint_Loop_D2.60mm_Drill1.6mm_Beaded,TP,tht,True
84.0,-90.0,0.0,top,TP20,,TestPoint_Loop_D2.60mm_Drill1.6mm_Beaded,TP,tht,True
84.0,-106.0,0.0,top,TP21,,TestPoint_Loop_D2.60mm_Drill1.6mm_Beaded,TP,tht,True
172.25,-53.0,0.0,top,TP22,,TestPoint_Loop_D2.60mm_Drill1.6mm_Beaded,TP,tht,True
168.0,-53.0,0.0,top,TP23,,TestPoint_Loop_D2.60mm_Drill1.6mm_Beaded,TP,tht,True
161.0,-64.0,0.0,top,TP3,,TestPoint_Loop_D2.60mm_Drill1.6mm_Beaded,TP,tht,True
176.0,-62.5,0.0,top,TP5,,TestPoint_Loop_D2.60mm_Drill1.6mm_Beaded,TP,tht,True
176.0,-72.0,0.0,top,TP6,,TestPoint_Loop_D2.60mm_Drill1.6mm_Beaded,TP,tht,True
176.0,-110.0,0.0,top,TP7,,TestPoint_Loop_D2.60mm_Drill1.6mm_Beaded,TP,tht,True
176.0,-81.5,0.0,top,TP8,,TestPoint_Loop_D2.60mm_Drill1.6mm_Beaded,TP,tht,True
176.0,-91.0,0.0,top,TP9,,TestPoint_Loop_D2.60mm_Drill1.6mm_Beaded,TP,tht,True
99.4,-51.8,-90.0,top,U1,,TO-220-3_Vertical,LM2940T,tht,True
129.75,-69.3,90.0,top,U2,,SOT-223-3_TabPin2,TLV1117-50,smt,True
117.9,-64.5,0.0,top,U3,,TO-92_Inline,LM4040LP-3,tht,True
98.0,-73.0,0.0,top,U4,,ST_Morpho_Connector_64,NUCLEO-F103RB,tht,True
143.0,-48.0,0.0,top,U5,,SOIC-8_3.9x4.9mm_P1.27mm,MCP2021A-xxxxSN,smt,True
87.5,-122.0,0.0,top,U6,,SOIC-8_3.9x4.9mm_P1.27mm,SN65HVD233,smt,True
